Index	|	Value
	1	|	18.1068
	2	|	63.7002
	3	|	88.2585
	4	|	1.53515
	5	|	55.051
	6	|	65.8633
	7	|	35.4577

.:STATISTICS:.
METRIC		|	VALUE
Sum      	|	327.973
Mean     	|	46.8532
Lowest   	|	1.53515
Highest  	|	88.2585
Variance 	|	906.124
StdDevi  	|	30.1019
