Index	|	Value
	1	|	81.7249
	2	|	73.984
	3	|	72.4428
	4	|	69.2566
	5	|	52.5389
	6	|	47.3553
	7	|	43.7617
	8	|	6.54506

.:STATISTICS:.
METRIC		|	VALUE
Sum      	|	447.609
Mean     	|	55.9511
Lowest   	|	6.54506
Highest  	|	81.7249
Variance 	|	587.65
StdDevi  	|	24.2415
